{
  "project_info": {
    "project_number": "550827142752",
    "firebase_url": "https://farmec-fd2c1-default-rtdb.firebaseio.com",
    "project_id": "farmec-fd2c1",
    "storage_bucket": "farmec-fd2c1.appspot.com"
  },
  "client": [
    {
      "client_info": {
        "mobilesdk_app_id": "1:550827142752:android:56be1e809a7bac3d01dd05",
        "android_client_info": {
          "package_name": "com.swarnamythili.farmec"
        }
      },
      "oauth_client": [
        {
          "client_id": "550827142752-tq56ha9su68v5o5s4lu26mvgo1n0p4vl.apps.googleusercontent.com",
          "client_type": 3
        }
      ],
      "api_key": [
        {
          "current_key": "AIzaSyDBDJ6oIjrHgJ1E8eJxshwvyHouzDGjsFI"
        }
      ],
      "services": {
        "appinvite_service": {
          "other_platform_oauth_client": [
            {
              "client_id": "550827142752-tq56ha9su68v5o5s4lu26mvgo1n0p4vl.apps.googleusercontent.com",
              "client_type": 3
            }
          ]
        }
      }
    }
  ],
  "configuration_version": "1"
}